;P12_0h;P12_14w;P12_2w;P12_6w;P13_0h;P13_14w;P13_2w;P13_6w;P14_0h;P14_14w;P14_6w;P15_0h;P15_14w;P15_2w;P15_6w;P23_0h;P23_14w;P23_2w;P23_6w;P24_0h;P24_14w;P24_2w;P24_6w;P28_0h;P28_14w;P28_2w;P28_6w;P29_0h;P29_14w;P29_2w;P29_6w;P38_0h;P38_14w;P38_2w;P38_6w;P39_0h;P39_14w;P39_2w;P40_0h;P40_14w;P40_2w;P42_14w;P43_0h;P43_14w;P43_2w;P43_6w;P44_0h;P44_14w;P44_6w;P116_0h;P116_2w;P116_6w;P116_14w;P13_0h.1;P13_2w.1;P13_6w.1;P22_0h;P22_2w;P22_14w;P29_0h.1;P29_2w.1;P29_6w.1;P29_14w.1;P34_0h;P34_2w;P34_6w;P34_14w;P39_0h.1;P39_2w.1;P39_6w.1;P39_14w.1;P4_0h;P4_2w;P4_6w;P4_14w;P40_0h.1;P40_2w.1;P40_6w;P45_0h;P45_2w;P45_6w;P45_14w;P48_0h;P48_2w;P48_6w;P48_14w;P55_0h;P55_2w;P55_6w;P55_14w;P60_0h;P60_2w;P60_6w;P60_14w
ADGRG1;0,471527818;0,494834997;0,479323326;0,491518911;0,470915138;0,488705575;0,464242742;0,481085178;0,469122145;0,483131498;0,48109539;0,478313835;0,489678894;0,492230599;0,493942402;0,477572321;0,488867221;0,483398509;0,480907097;0,494256746;0,50387455;0,485690726;0,496362681;0,465461756;0,471566209;0,457359318;0,456953427;0,461604648;0,448996641;0,458345408;0,451903779;0,464162166;0,471586364;0,467267705;0,469915128;0,455530729;0,467295326;0,468582709;0,484648522;0,46229496;0,466999251;0,463110967;0,470878119;0,466166005;0,475685066;0,453198322;0,461937349;0,472636423;0,438979407;0,476641535;0,476550362;0,475107075;0,475363313;0,479608501;0,504322468;0,499238947;0,476485613;0,478193046;0,476591238;0,488492407;0,473820348;0,488863228;0,488667424;0,5058739;0,493858214;0,494089086;0,501083901;0,467697495;0,480910693;0,485107052;0,485620843;0,465429897;0,488122284;0,489307564;0,491343806;0,493274247;0,499553102;0,495799364;0,480103645;0,475968351;0,477148232;0,477608577;0,477626133;0,494228941;0,488048173;0,487583252;0,481587748;0,485208833;0,479161309;0,470135341;0,466820842;0,473901013;0,46076474;0,472726628
APOL6;0,495447238;0,513844872;0,492516467;0,511491864;0,487353398;0,498978343;0,477161516;0,492648468;0,480730401;0,494071103;0,490857455;0,493141368;0,494964153;0,492084031;0,505840812;0,493067685;0,494552035;0,484163784;0,487112474;0,486028409;0,495148045;0,487604672;0,488177152;0,478059724;0,494774624;0,478615545;0,481528596;0,507784138;0,489997078;0,508468978;0,519423811;0,468027561;0,496990211;0,485321209;0,482977921;0,471379611;0,486915182;0,47532948;0,509626595;0,5036397;0,490892248;0,483854399;0,500915831;0,48451781;0,508551321;0,479815439;0,482636635;0,488164944;0,482032881;0,481398273;0,484970145;0,487493295;0,487230901;0,49313111;0,502279745;0,506007002;0,493242606;0,499717609;0,490130956;0,501558559;0,518893088;0,498997101;0,496463399;0,502866023;0,503878891;0,505800455;0,509324135;0,487584342;0,496344692;0,505408788;0,498247337;0,491683777;0,512802884;0,512940958;0,523769974;0,514373931;0,505716963;0,502267155;0,505463866;0,498889454;0,499431423;0,507433921;0,509708359;0,515486825;0,524502894;0,520450409;0,499180272;0,498150966;0,495462653;0,51063676;0,518316436;0,531620131;0,506621376;0,497192963
ARHGAP35;0,464752694;0,46370946;0,463480386;0,462416751;0,456290485;0,460991247;0,438241106;0,458260066;0,440469597;0,452695595;0,454352542;0,436160551;0,458844541;0,453994946;0,458720041;0,453693258;0,455252572;0,443856735;0,447777396;0,450103627;0,451372087;0,445302022;0,445797107;0,446554654;0,455947046;0,442424663;0,443712568;0,441886434;0,445452197;0,442980563;0,443278677;0,431996901;0,431026273;0,451316879;0,444354912;0,432551784;0,435315201;0,439157244;0,466938293;0,447005124;0,451607648;0,449059047;0,458730847;0,447714499;0,445465284;0,440089742;0,44981866;0,448732336;0,446416654;0,456500261;0,461388312;0,46158321;0,463951896;0,441124902;0,465772874;0,467814485;0,460017975;0,460255912;0,454418715;0,464067176;0,460182708;0,466496282;0,464551907;0,463619607;0,464370954;0,466786769;0,466802006;0,45927861;0,457761259;0,456445662;0,455487514;0,443489316;0,460968049;0,460424436;0,463958846;0,462067809;0,469791123;0,465940159;0,458312842;0,462367699;0,467492135;0,45948177;0,464012248;0,468791442;0,470179291;0,46767826;0,456227069;0,46242213;0,465190533;0,455833856;0,459949949;0,463506557;0,462802779;0,464261716
BUB1B;0,427204651;0,440913264;0,429350238;0,433226094;0,410281262;0,429295183;0,401218206;0,41783279;0,413414827;0,406043444;0,417724963;0,407703222;0,416532485;0,419445662;0,419534805;0,410387743;0,409728884;0,404513708;0,406396606;0,411647771;0,409575848;0,424883817;0,42342852;0,413550514;0,406548372;0,399304423;0,408141782;0,424965071;0,420088083;0,428639126;0,420210566;0,409846095;0,394431784;0,41246421;0,407446442;0,399761374;0,403393767;0,417174178;0,434657308;0,414325866;0,415003911;0,418158422;0,429605191;0,410572377;0,418277437;0,42780609;0,418942832;0,409237169;0,418922423;0,415800474;0,414221472;0,418391335;0,420693109;0,402270513;0,422118014;0,433501956;0,426418709;0,426662989;0,422517584;0,423694275;0,430625337;0,422603296;0,421698793;0,424578738;0,431773825;0,42541115;0,424575026;0,433974251;0,430703919;0,42688921;0,415101957;0,417563684;0,436198594;0,428609381;0,432425989;0,432135626;0,434304108;0,423996177;0,440483821;0,430361869;0,433754318;0,433447034;0,435572706;0,434360732;0,435051189;0,435108799;0,421730254;0,425616255;0,429993885;0,421904285;0,449033382;0,442850932;0,448967156;0,45807752
CASP5;0,484713324;0,47191258;0,49468019;0,479633307;0,460707332;0,450877537;0,434997528;0,442956991;0,471707614;0,470030291;0,453714152;0,473504254;0,45647849;0,443697016;0,458890132;0,464445491;0,47450186;0,457993595;0,460139992;0,450086323;0,455578617;0,458114416;0,471247254;0,451539077;0,443884532;0,446432142;0,438358378;0,473774281;0,450297205;0,470088689;0,476571274;0,445320897;0,450387464;0,455041749;0,44742335;0,448563658;0,443681158;0,441427193;0,492938449;0,475472695;0,459730177;0,463893024;0,487670136;0,462144505;0,480777821;0,440837406;0,451362829;0,472165162;0,458569563;0,465784055;0,462905228;0,455400818;0,443820389;0,463550247;0,4538879;0,464938731;0,459783877;0,469245363;0,488716388;0,47043029;0,480612539;0,457547104;0,456348338;0,473143084;0,465296121;0,467369341;0,476997361;0,454917101;0,458092024;0,470558189;0,46805336;0,473979566;0,487993776;0,492794651;0,498790939;0,489154531;0,467118214;0,463377821;0,462456653;0,456736528;0,465901892;0,485280558;0,479916501;0,478812189;0,48881294;0,489103419;0,489239574;0,473250348;0,487494331;0,487427283;0,471436226;0,478015177;0,460048555;0,479978952
COMMD3,COMMD3-BMI1;0,484992793;0,476636699;0,469752639;0,486389435;0,469405399;0,489677762;0,455394055;0,481091429;0,460856227;0,462591637;0,471263577;0,45120864;0,46620098;0,462000548;0,47065361;0,451415937;0,469115466;0,446130932;0,452160867;0,452776445;0,457452029;0,459614554;0,44534573;0,444888639;0,457442347;0,448263557;0,44852476;0,443743725;0,464546561;0,462501204;0,450764546;0,441008075;0,437597114;0,461134712;0,452263684;0,451740685;0,444551253;0,450079331;0,487881669;0,463820755;0,459025176;0,463285312;0,472924029;0,463982134;0,453118219;0,46389259;0,457469833;0,457844624;0,461045631;0,441414784;0,440126704;0,450317569;0,451746908;0,43670225;0,453598587;0,46056279;0,456190372;0,455795186;0,446038464;0,46580585;0,461074709;0,459119075;0,451630918;0,450993568;0,456132398;0,459801193;0,458421271;0,460297276;0,462213423;0,454135071;0,452439678;0,430196765;0,46071381;0,445530682;0,462433937;0,461490276;0,466147444;0,460750695;0,46461256;0,458035446;0,470806704;0,459576583;0,462358659;0,469237836;0,463368889;0,465101126;0,451944361;0,462875344;0,46255334;0,451183781;0,467473486;0,456243643;0,454671415;0,464100733
CXXC5;0,467287005;0,478348693;0,456514171;0,467870864;0,458432005;0,469862169;0,447722266;0,465896813;0,446827902;0,459122127;0,464181917;0,442953755;0,465725133;0,458650836;0,466896244;0,451105749;0,458555608;0,44454138;0,451141819;0,45116623;0,455115968;0,45516797;0,44880876;0,448294605;0,456270416;0,443807106;0,447006928;0,432416272;0,44641246;0,44713814;0,439940291;0,437864776;0,435177275;0,454267776;0,446015612;0,4400858;0,444125249;0,442378946;0,471783799;0,453620031;0,456293769;0,456955164;0,464274158;0,455673979;0,451679758;0,45318015;0,456534823;0,460035265;0,448431347;0,451844059;0,456917684;0,464947314;0,461967755;0,451311553;0,464620637;0,464361178;0,463762525;0,462136395;0,459833395;0,463084622;0,461203076;0,46736255;0,467182439;0,466762963;0,473444186;0,470973116;0,470254411;0,458054573;0,461396185;0,460540434;0,458726005;0,451804247;0,461916902;0,457612325;0,461867551;0,464049351;0,471566255;0,472769317;0,459479539;0,461881841;0,47085719;0,46448881;0,469164885;0,476236732;0,473814237;0,471482339;0,452543491;0,464179352;0,468074607;0,456361954;0,463081707;0,463955642;0,451012833;0,455326837
FAM134B;0,452200823;0,44814699;0,440746343;0,443200529;0,440962016;0,448799329;0,414764674;0,439260257;0,426220369;0,432775068;0,435699366;0,410229287;0,438330837;0,426598922;0,438878032;0,423796658;0,436416232;0,421002105;0,423994696;0,412165084;0,415926177;0,419802125;0,398734087;0,419225688;0,443833038;0,425170027;0,424165732;0,425468516;0,424792511;0,420710357;0,413915691;0,407063009;0,39997162;0,424041518;0,419766468;0,409616378;0,403954662;0,411590684;0,456716379;0,431433005;0,42915925;0,429584253;0,441658735;0,431791263;0,429118629;0,418239905;0,42360248;0,424281633;0,433420119;0,429127646;0,429261162;0,433877495;0,435497034;0,415775195;0,439015599;0,442694903;0,447590103;0,44540286;0,435477479;0,449819191;0,440909374;0,447631735;0,443392481;0,435751534;0,441385335;0,443768336;0,441644883;0,436384609;0,444542672;0,436153277;0,440739643;0,413769516;0,43824887;0,431632726;0,440581183;0,442180199;0,44801054;0,443569722;0,440160182;0,43981513;0,44873549;0,436970147;0,436413222;0,440461444;0,443143367;0,44355581;0,44240629;0,446976452;0,446659299;0,437641604;0,446436679;0,449449047;0,441031015;0,445960316
FAM208B;0,467210892;0,469334006;0,458883376;0,466322469;0,458045087;0,471891736;0,439522616;0,462549215;0,439590153;0,450754808;0,455620156;0,434781322;0,460916803;0,451345671;0,462695438;0,447411673;0,457964243;0,442036164;0,447023272;0,442372179;0,449582895;0,447276643;0,436273394;0,437509452;0,455189494;0,44044893;0,441717438;0,434261107;0,44915686;0,446055683;0,439748677;0,427024125;0,428437706;0,446123758;0,441563144;0,433729868;0,433275567;0,433868997;0,470787547;0,453352137;0,453073182;0,45067641;0,462947464;0,449225256;0,448363711;0,442046946;0,446374984;0,449066782;0,448655763;0,446455229;0,448391439;0,450606039;0,45342797;0,433860645;0,45347068;0,459234551;0,45146884;0,453723133;0,441009501;0,455920294;0,455120137;0,458005272;0,451039804;0,451737867;0,457608635;0,459801193;0,458225571;0,446576464;0,45269753;0,45034926;0,449812497;0,430236836;0,457295281;0,446373383;0,460681505;0,459480222;0,462774055;0,458564395;0,456180671;0,452692212;0,460982267;0,452849269;0,45428139;0,460769016;0,458461475;0,463134172;0,451439291;0,458098395;0,45776576;0,446197497;0,460290269;0,46045768;0,445370585;0,456919264
"FCGR1B;FCGR1A;FCGR1CP";0,497238424;0,491200111;0,485945931;0,493875927;0,474914255;0,470007714;0,441838784;0,457177672;0,476996634;0,473594526;0,459809272;0,4807843;0,469461642;0,464117047;0,482866766;0,476100455;0,486875703;0,46333741;0,464576656;0,464287357;0,468607989;0,476701575;0,474477731;0,456154121;0,46188033;0,45081999;0,455149855;0,517501593;0,481364348;0,507084392;0,512062427;0,46238892;0,475418199;0,473921571;0,465449678;0,445036377;0,462971664;0,443529729;0,492665902;0,487526141;0,462961646;0,459936202;0,492684966;0,473159701;0,50190889;0,461486946;0,468576735;0,477773009;0,463230017;0,45989858;0,457191975;0,452133102;0,443632974;0,482317131;0,467690065;0,476647646;0,489582064;0,487323315;0,485893487;0,480566065;0,494322867;0,45842473;0,457098874;0,47684146;0,474305841;0,477880499;0,48824859;0,471575648;0,460957587;0,481512043;0,465093927;0,475331148;0,498500794;0,49597815;0,513019821;0,498955801;0,473601545;0,460519772;0,492258642;0,472329887;0,477478065;0,493860354;0,49507397;0,493097811;0,500353872;0,510468824;0,491140112;0,481149181;0,488074335;0,492115951;0,513772617;0,520755997;0,502417527;0,495047954
FCRL5;0,438930676;0,470948418;0,442486554;0,427597354;0,434349651;0,454094938;0,433305301;0,451792188;0,419752212;0,43115467;0,439053216;0,417962196;0,446799035;0,433357638;0,450335709;0,418628811;0,429512169;0,413197575;0,423775286;0,437641259;0,445320066;0,44728214;0,435584054;0,423276013;0,430917368;0,419107493;0,425516545;0,418558578;0,430058939;0,436755916;0,430135847;0,404490934;0,402852852;0,42412233;0,415424959;0,413808422;0,41852984;0,41485021;0,456800583;0,44490342;0,446383749;0,448063501;0,454442972;0,45045611;0,444725574;0,447134783;0,447645694;0,438823381;0,442256171;0,413828192;0,423267927;0,424507057;0,433069334;0,410739642;0,439268678;0,448248264;0,432228421;0,442333789;0,441085768;0,435080207;0,436164399;0,431011023;0,434723836;0,439697008;0,454700025;0,45114501;0,449543384;0,426527356;0,428949775;0,425992771;0,42989993;0,420384575;0,438567689;0,429084252;0,433721645;0,443477905;0,456266835;0,457875258;0,427850867;0,442587622;0,452914248;0,447929643;0,433628111;0,450982783;0,445643143;0,442304369;0,43171889;0,446000751;0,45458471;0,441930494;0,442923213;0,444654766;0,433904367;0,436301999
GBP5;0,495937927;0,531990925;0,499007104;0,527262811;0,497368333;0,51042125;0,480771724;0,496994651;0,491286902;0,500305124;0,4982358;0,513998007;0,510447416;0,508945327;0,52812932;0,499316328;0,508458731;0,498107382;0,494840692;0,486938635;0,513838543;0,492047515;0,491687666;0,478234233;0,494965997;0,478672252;0,475087223;0,535855346;0,491886248;0,538325969;0,540657589;0,465607144;0,519336351;0,477177854;0,480862176;0,477074655;0,501165042;0,477085881;0,527287817;0,5211882;0,502976542;0,492445429;0,485588572;0,522747059;0,479879574;0,479438045;0,484810757;0,484693071;0,488446366;0,488731447;0,485998797;0,491645856;0,488133581;0,491694808;0,513256015;0,521221447;0,483775613;0,503394986;0,483600317;0,497790979;0,52666275;0,497968861;0,491331298;0,507236767;0,508199791;0,511725072;0,518129532;0,477345084;0,49408523;0,510952348;0,499153757;0,501936449;0,533434849;0,530107327;0,555192;0,53108185;0,518444055;0,510277218;0,518267164;0,508242416;0,511877288;0,519391066;0,524269748;0,531134948;0,540886548;0,550623901;0,495806297;0,499077761;0,491672398;0,499853797;0,529939671;0,550230826;0,494883406;0,49845331
GZMK;0,488291717;0,480727901;0,479010491;0,487440177;0,464453359;0,493452144;0,463600083;0,479680796;0,466925205;0,468452782;0,48036939;0,467703115;0,472136002;0,470707706;0,478656867;0,44508506;0,464792873;0,447786705;0,451285545;0,458974903;0,462056523;0,471156455;0,469248804;0,432342418;0,451036681;0,434494427;0,434830573;0,42299986;0,465097374;0,449787646;0,446722523;0,435671302;0,43833679;0,451282479;0,448394501;0,44922108;0,446451623;0,448663868;0,490207699;0,478484522;0,473314202;0,466937505;0,453435103;0,432701622;0,453828722;0,440962707;0,453282754;0,456431191;0,44878941;0,455061195;0,453477904;0,462940464;0,459877829;0,451670718;0,469597873;0,475527925;0,471343315;0,471533057;0,457098277;0,479834894;0,46541987;0,475185306;0,467222847;0,469496676;0,476408309;0,482440318;0,478086803;0,465418737;0,484922049;0,471460436;0,473525054;0,449256466;0,479682879;0,463800576;0,481982529;0,48166725;0,490435956;0,486063287;0,482248838;0,478690994;0,485757892;0,471509195;0,453223047;0,46725162;0,471331338;0,45663754;0,45163686;0,470796092;0,462736711;0,455757686;0,478585448;0,473872685;0,448864304;0,471574942
HIVEP2;0,464816758;0,46742998;0,465831431;0,470664825;0,460359719;0,461187605;0,457719259;0,460647968;0,454519372;0,461302478;0,45344842;0,450906323;0,458001876;0,454324256;0,460229594;0,450602877;0,453463669;0,449679596;0,450758772;0,449988278;0,451080339;0,448112999;0,446977247;0,445796603;0,454421485;0,438435844;0,439933538;0,449741945;0,441232405;0,437594782;0,443221884;0,438441647;0,43688328;0,452557018;0,446905461;0,451092159;0,452000592;0,453631449;0,471911379;0,456487442;0,455821183;0,456741703;0,463909366;0,451011514;0,45583632;0,451330466;0,44841737;0,452642128;0,454847433;0,458903142;0,460784066;0,459557563;0,460272185;0,450451859;0,463016833;0,46776318;0,463739495;0,469752778;0,461728623;0,465709401;0,461856628;0,46702611;0,46841357;0,469013779;0,473397655;0,470990565;0,472381894;0,456609577;0,458478219;0,46069513;0,456287935;0,45446322;0,462832888;0,463599655;0,469962099;0,465399825;0,472726561;0,469193134;0,459092154;0,463424947;0,465907443;0,465278721;0,464935307;0,469894421;0,470823216;0,47563835;0,46763484;0,46286953;0,471735532;0,465100586;0,461415654;0,466731839;0,452931268;0,466041606
HP;0,487698581;0,453857718;0,487392751;0,459182013;0,448609559;0,443977805;0,425144442;0,443060601;0,45252765;0,456086939;0,435829849;0,44926786;0,441633284;0,442469276;0,445639689;0,457813114;0,45286098;0,433431305;0,441615701;0,482324125;0,453467483;0,480944575;0,488925563;0,472485137;0,46032305;0,461884966;0,473877808;0,50327606;0,470731513;0,481561062;0,490089439;0,463979497;0,420332834;0,472076822;0,449513022;0,454781603;0,44662535;0,454627874;0,481922233;0,451789603;0,447738353;0,450191175;0,478319606;0,466490008;0,452447835;0,464383361;0,467519637;0,452571465;0,456905689;0,464701072;0,455398077;0,450502604;0,449474233;0,471180695;0,434479691;0,432773554;0,50084494;0,471492521;0,484144187;0,476015907;0,485429623;0,457910248;0,4598349;0,455777226;0,447429412;0,459057954;0,457220432;0,496403348;0,455227834;0,456360506;0,45718585;0,467098813;0,487614571;0,483337144;0,47410229;0,475161881;0,466011357;0,45184097;0,465357724;0,450857819;0,452364182;0,45659104;0,469438538;0,459854933;0,478269863;0,47183613;0,493455694;0,480376326;0,50208519;0,480862327;0,489944287;0,48145077;0,505803418;0,489822084
IFI16;0,510931568;0,510572869;0,514700496;0,510462264;0,505263164;0,50068119;0,492321715;0,495518072;0,506331407;0,500116834;0,497289672;0,508635725;0,498635994;0,493858522;0,501437023;0,496913106;0,504743062;0,492355897;0,493208053;0,493933815;0,493120256;0,495293564;0,504616882;0,497818101;0,49996133;0,49626562;0,501579137;0,508142428;0,492707985;0,497195917;0,509588358;0,50368847;0,504147845;0,499742811;0,4975349;0,49358359;0,496293484;0,492279766;0,524798742;0,509391339;0,497608609;0,494918732;0,50393328;0,500932363;0,516727041;0,493843201;0,495265689;0,50014524;0,489097133;0,499115483;0,505882516;0,501940021;0,499270708;0,513011359;0,505325255;0,506994568;0,511566048;0,513649487;0,518445725;0,509955368;0,525097023;0,50528528;0,503201056;0,516438199;0,511538605;0,511699795;0,51538087;0,505057517;0,503058066;0,511791975;0,508667513;0,512593853;0,514251601;0,519952505;0,520764204;0,51954626;0,511844778;0,50567481;0,522795542;0,507941553;0,503998204;0,520028137;0,51040638;0,517635503;0,525215127;0,526977969;0,52276315;0,511168606;0,514378681;0,517700897;0,520004763;0,533555847;0,523336906;0,526808851
IFI44;0,441894136;0,473464129;0,440535718;0,455916558;0,442306705;0,454071499;0,431989114;0,446099031;0,432390038;0,44039686;0,444372481;0,45196829;0,443186324;0,438522405;0,453148075;0,422512445;0,434483884;0,420996413;0,425319186;0,416812858;0,428211202;0,431217838;0,42077947;0,419684954;0,446605009;0,425589999;0,429713397;0,471197428;0,443690481;0,473770464;0,471838149;0,418241915;0,45620569;0,429692096;0,427473571;0,420464335;0,429905356;0,419460346;0,467414851;0,460205941;0,437853302;0,432089399;0,445078403;0,432072352;0,442820199;0,44461265;0,423131487;0,424126288;0,436742585;0,429877487;0,432628507;0,441973041;0,440415223;0,444126232;0,456058043;0,461945531;0,439195588;0,446465334;0,435988769;0,450268717;0,503671559;0,447888598;0,439123566;0,459385423;0,456255702;0,464022295;0,468879548;0,453071177;0,462207859;0,466467174;0,457281958;0,437767073;0,470303125;0,464778517;0,495225895;0,468571981;0,454505057;0,45233294;0,464164915;0,452900142;0,461955414;0,461689839;0,483562522;0,490595371;0,488008551;0,488846673;0,437417847;0,449995494;0,436351642;0,436353175;0,483385242;0,49585073;0,448810181;0,44277024
IFIT5;0,469376155;0,468256866;0,47277444;0,474072889;0,457728762;0,467087267;0,434566476;0,459130213;0,457192651;0,460196078;0,459492112;0,444306355;0,454153625;0,449002449;0,456613814;0,445050426;0,454779234;0,433542661;0,440363181;0,473826649;0,454557811;0,470508344;0,475052527;0,443067105;0,453146296;0,440547506;0,441630393;0,453696199;0,452586589;0,459689753;0,458218285;0,429051751;0,433642686;0,454267776;0,439812396;0,427209429;0,423413954;0,421276747;0,485000077;0,46914229;0,452188547;0,437347906;0,463715687;0,446579068;0,460025328;0,439167217;0,439948906;0,454451938;0,449335598;0,452101486;0,447859063;0,444989861;0,441362738;0,47177008;0,443272622;0,448942528;0,446685248;0,458873115;0,432678755;0,457896094;0,472732014;0,449937827;0,442341872;0,442892271;0,45345039;0,457541176;0,457287373;0,455398387;0,460558215;0,457133169;0,455099084;0,439243273;0,462293512;0,460524198;0,471919909;0,463872997;0,465546693;0,456812772;0,462623851;0,455287212;0,466523999;0,453096664;0,466775828;0,479301916;0,470157478;0,479003891;0,460018898;0,46401615;0,489509177;0,45364092;0,478108097;0,483700895;0,461793772;0,483492999
IL18RAP;0,516557848;0,501710396;0,529990739;0,498526702;0,481533892;0,473581588;0,450313984;0,466811786;0,51608433;0,493705694;0,484817616;0,489757068;0,475626351;0,47652118;0,482311534;0,477504193;0,488880096;0,469225474;0,474358766;0,488983483;0,472937703;0,492561817;0,497074512;0,508858868;0,498262809;0,504479186;0,505648477;0,511835953;0,464434109;0,492429896;0,501286147;0,499793052;0,470194624;0,501651059;0,485782871;0,473488255;0,46322905;0,466713094;0,5176753;0,492078519;0,482092658;0,477912642;0,498914242;0,502404683;0,519793915;0,473533618;0,484058195;0,490829044;0,471717399;0,498998077;0,497239713;0,482127549;0,473630343;0,497609734;0,479848182;0,480900901;0,511826511;0,502012038;0,521638121;0,504671826;0,502478167;0,484828482;0,485213978;0,48222801;0,471395337;0,478281965;0,482875815;0,478867756;0,464181822;0,463978867;0,471130642;0,478886262;0,485217739;0,508160152;0,486859972;0,496739927;0,476097195;0,477544963;0,485110375;0,471850666;0,473377127;0,482690106;0,491715506;0,48898393;0,499101942;0,502402945;0,50260775;0,485062605;0,490832714;0,499603262;0,515476401;0,521890369;0,527264179;0,535051672
KIAA0368;0,482894641;0,481493203;0,48173227;0,480282197;0,46900922;0,480910352;0,458023961;0,477299648;0,459573367;0,473502326;0,472732208;0,456859224;0,474286454;0,468518685;0,476227702;0,467764257;0,475195919;0,464428702;0,46643632;0,46541923;0,468824458;0,466500728;0,458895154;0,462198673;0,471134817;0,460894961;0,463867547;0,478138531;0,466456462;0,464484721;0,46604601;0,458601216;0,454047049;0,472965249;0,468651161;0,45834137;0,458242088;0,458678726;0,489509329;0,469062233;0,471016461;0,468972163;0,475247249;0,47058865;0,469768191;0,460039713;0,468504838;0,466646706;0,465798706;0,47406359;0,476433645;0,479217817;0,481305368;0,466338923;0,478180088;0,481375821;0,480966928;0,478586689;0,473428864;0,481356981;0,481328547;0,480692074;0,477458949;0,480699845;0,483733626;0,48439842;0,483241193;0,475725438;0,477725513;0,474974491;0,476591167;0,460354698;0,481333657;0,476819353;0,482335914;0,483270424;0,488268914;0,483650418;0,477956476;0,477356573;0,481671914;0,479781455;0,479465538;0,484204055;0,490863878;0,485048005;0,477966559;0,480774674;0,484088706;0,479692808;0,483476051;0,485862775;0,483790613;0,480112139
MKI67;0,447954178;0,477359328;0,478480255;0,456521493;0,436047775;0,453825459;0,420481756;0,436364782;0,430523592;0,463962681;0,444089094;0,430025007;0,43633227;0,442899171;0,448984863;0,457961578;0,438380264;0,436418472;0,438927758;0,489936914;0,461562934;0,487664605;0,49458756;0,454961601;0,446138939;0,428891339;0,440106978;0,451092168;0,441176187;0,456555219;0,451076537;0,433683025;0,420901133;0,470382648;0,436766743;0,424737775;0,432704019;0,43274328;0,454443134;0,44454729;0,44677036;0,445818566;0,470716217;0,445605697;0,453518604;0,44837228;0,458424344;0,45499744;0,441239303;0,444590692;0,441071044;0,438642646;0,443583377;0,479632726;0,444317433;0,460181299;0,450925479;0,460561252;0,450045077;0,452038281;0,445884019;0,437461115;0,44726058;0,456054206;0,458627376;0,44863381;0,455905923;0,452729107;0,444055941;0,448381749;0,441170362;0,439945186;0,461725817;0,485511948;0,450668142;0,458568435;0,480613194;0,446240725;0,451613979;0,446638808;0,451696373;0,451548551;0,440928693;0,449216332;0,460737619;0,448967376;0,478920225;0,465159768;0,509023167;0,462470955;0,46866595;0,473997343;0,465792495;0,500161871
RPRD2;0,47933778;0,481821563;0,47664294;0,476581614;0,468457529;0,475792971;0,458820876;0,473722371;0,459512943;0,473238119;0,468760889;0,454523642;0,471623994;0,465416907;0,473919904;0,464096253;0,467869313;0,459376532;0,462662997;0,462909012;0,465993545;0,462254467;0,45886114;0,467958041;0,472247517;0,459931295;0,460098178;0,454731706;0,461249478;0,457645823;0,459711978;0,452547578;0,452560552;0,466970991;0,463697882;0,4543568;0,457122836;0,457525589;0,484446047;0,465608233;0,467796261;0,468655756;0,474203594;0,465274602;0,462878299;0,456847332;0,466150359;0,467254046;0,465921379;0,467465355;0,471880804;0,47404052;0,473818659;0,456752217;0,475887171;0,478113636;0,473819243;0,472315499;0,468015927;0,476857418;0,474761768;0,479631299;0,476810464;0,478143895;0,479962637;0,480086811;0,479828063;0,467267909;0,472213496;0,470084324;0,471247161;0,456931077;0,472330079;0,469648363;0,473441967;0,474882307;0,482030278;0,479446424;0,4700464;0,474624313;0,477466688;0,471795414;0,474730516;0,475386914;0,478697181;0,474622625;0,470365258;0,474380977;0,48135034;0,472966604;0,472794193;0,476873535;0,469525672;0,475010987
SAMD9L;0,468911747;0,482095366;0,476909747;0,488696441;0,469327337;0,475130314;0,458646432;0,467351916;0,474232499;0,468227856;0,467621061;0,482220731;0,467124317;0,462946681;0,474520067;0,456828533;0,468214449;0,45370406;0,45825069;0,467062357;0,465950505;0,472072274;0,481141968;0,455568938;0,465964772;0,45658332;0,453806321;0,490225119;0,467497743;0,484959099;0,488878997;0,457345556;0,478156005;0,457609877;0,458265902;0,450224719;0,457491378;0,448295612;0,491559095;0,479226299;0,46190015;0,458481938;0,479609793;0,462191684;0,480232168;0,468102963;0,450872501;0,458828539;0,460699756;0,45913048;0,459938326;0,459069182;0,458144396;0,476559912;0,469880106;0,477903933;0,473536967;0,472936579;0,458936881;0,470292782;0,492901007;0,464904727;0,457647035;0,469991724;0,471082699;0,476943092;0,479178733;0,470780859;0,469159338;0,48062045;0,471760188;0,457923186;0,481611351;0,480003632;0,493550776;0,485235786;0,478536128;0,472740415;0,477076155;0,468068298;0,474777887;0,47816538;0,488984624;0,491732316;0,493947837;0,50452406;0,475798832;0,475054684;0,488225491;0,47302871;0,498379549;0,50646164;0,485116698;0,487196078
SENP7;0,484774064;0,482558144;0,486121589;0,479733079;0,480549236;0,484585888;0,458876961;0,482556367;0,466673555;0,465760789;0,472154042;0,453711993;0,470793918;0,463948813;0,468870051;0,45469467;0,468454962;0,455394097;0,458056108;0,455640276;0,461136799;0,460966612;0,447911434;0,465719576;0,470479373;0,464727032;0,463587278;0,452606039;0,462756498;0,461771958;0,457872021;0,45023166;0,441320441;0,462067113;0,457285688;0,456688582;0,446575707;0,448899469;0,496202504;0,470789559;0,467808534;0,465757218;0,47614698;0,471592522;0,473278372;0,456096898;0,460598422;0,468553927;0,463480145;0,469513017;0,466142401;0,464913608;0,471569662;0,44360499;0,460237595;0,468276482;0,463095118;0,467433535;0,458189235;0,467368824;0,465250911;0,465557743;0,456190487;0,457634504;0,463595691;0,468160723;0,466557191;0,459180336;0,463394574;0,462964229;0,465963078;0,441810685;0,463599535;0,45811933;0,465416082;0,473945768;0,475940832;0,470940401;0,465049428;0,4631786;0,470145276;0,465137567;0,463063469;0,471199274;0,468856013;0,475561054;0,467748527;0,469526564;0,478248204;0,462553769;0,474211741;0,471955965;0,468660219;0,484612162
TREM1;0,52329417;0,514558947;0,538385647;0,516080372;0,515844081;0,491577189;0,489760864;0,497485666;0,528562671;0,511753146;0,507697506;0,504017788;0,496596958;0,498748834;0,499779531;0,509574446;0,515476584;0,501377575;0,506670245;0,494503836;0,493940802;0,493531374;0,499012654;0,526182052;0,510735385;0,518073687;0,51674365;0,512765136;0,495143587;0,490971209;0,504049176;0,509194498;0,496409992;0,509745595;0,511165801;0,495750069;0,492775322;0,497884381;0,534714369;0,510428898;0,501731152;0,499312582;0,51552939;0,533320109;0,48473366;0,504231211;0,525744756;0,504420265;0,518995369;0,536935463;0,531582198;0,52024196;0,520745214;0,505430532;0,504910281;0,506370943;0,524186499;0,534822259;0,537631703;0,519124716;0,517807753;0,51118454;0,513393735;0,511651843;0,507631932;0,504671151;0,508517004;0,517745364;0,512015068;0,517785403;0,521996494;0,506040568;0,513156637;0,52790429;0,515101301;0,50479563;0,501044317;0,493428655;0,495054292;0,499046229;0,499824297;0,507033767;0,524088851;0,522708548;0,527241431;0,538816009;0,530901407;0,522586687;0,531219762;0,526500509;0,528051676;0,538052797;0,529366505;0,54918311
ZNF839;0,459828934;0,459032329;0,46431868;0,453504823;0,447234265;0,451232603;0,435872756;0,450011162;0,450544657;0,446903962;0,447204672;0,44441147;0,445528973;0,442463546;0,449955912;0,445362227;0,453212948;0,434516777;0,440246305;0,43856202;0,440126719;0,442432543;0,435578673;0,443563654;0,448422137;0,439730566;0,446244076;0,443631956;0,441063773;0,437605831;0,441283926;0,440260475;0,431026273;0,446713572;0,438340049;0,432696606;0,432445567;0,431748324;0,468438508;0,44144763;0,43806011;0,439151022;0,456555649;0,450361668;0,448782544;0,437895317;0,442312421;0,452185092;0,4395404;0,450263542;0,447650676;0,449931417;0,447885716;0,445935696;0,450406199;0,4492928;0,453074727;0,455604901;0,452318783;0,456854256;0,449634116;0,454613458;0,450054478;0,454327249;0,454275657;0,452696485;0,45319976;0,445352642;0,447156571;0,449795027;0,453212327;0,438904416;0,450364697;0,457298485;0,45220315;0,458844031;0,460163463;0,456371728;0,449101521;0,449764014;0,45443309;0,450022113;0,44893413;0,457102063;0,459675437;0,455002074;0,455462497;0,455270787;0,451655069;0,45381965;0,458908948;0,466385999;0,462607496;0,465616179